{"epoch": 1500, "train_loss": 1.3477963209152222, "validation_MSE": 1.3526486158370972, "_timestamp": 1745417505.7148345, "_runtime": 18.946629524230957, "_step": 1499, "_wandb": {"runtime": 18}}