{"epoch":15,"train_loss":57.65036487579346,"val_loss":23.65757989883423,"_wandb":{"runtime":6},"_timestamp":1.7417825730990381e+09,"_runtime":6.279595992,"_step":14}