{"epoch": 2000, "train_loss": 112.53594040870667, "validation_MSE": 4.756011486053467, "_timestamp": 1745414911.4342754, "_runtime": 14.494677305221558, "_step": 0, "_wandb": {"runtime": 14}}