{"_runtime":10.234191225,"_step":2,"_wandb":{"runtime":11},"epoch":3,"train_loss":58.160709857940674,"val_loss":26.231853008270264,"_timestamp":1.7429342645771477e+09}