{"epoch": 5, "train_loss": 110.30380296707153, "validation_MSE": 0.0, "_timestamp": 1745406840.138568, "_runtime": 8.767788887023926, "_step": 4, "_wandb": {"runtime": 8}}