{"epoch": 2000, "train_loss": 392.8534507751465, "validation_MSE": 18.132486438751222, "_timestamp": 1745414936.3488588, "_runtime": 12.948225736618042, "_step": 0, "_wandb": {"runtime": 12}}