{"epoch": 1500, "train_loss": 0.009747550822794437, "validation_MSE": 0.01020325617864728, "_timestamp": 1745418067.0973492, "_runtime": 17.592881202697754, "_step": 1499, "_wandb": {"runtime": 17}}