{"epoch": 1000, "train_loss": 25.13067501783371, "val_loss": 1.2863324463367463, "_timestamp": 1745413330.604363, "_runtime": 65.061940908432, "_step": 0, "_wandb": {"runtime": 65}}