{"epoch": 2000, "train_loss": 0.21674314700067043, "validation_MSE": 0.034661322832107544, "_timestamp": 1746009222.3552232, "_runtime": 7.653170108795166, "_step": 0, "_wandb": {"runtime": 7}}