{"epoch": 2000, "train_loss": 408.5121374130249, "validation_MSE": 17.152706909179688, "_timestamp": 1745418138.3554926, "_runtime": 20.09157967567444, "_step": 0, "_wandb": {"runtime": 20}}