{"epoch": 2000, "train_loss": 5.299710527062416, "validation_MSE": 0.25099319964647293, "_timestamp": 1746009502.4785511, "_runtime": 15.597687244415283, "_step": 0, "_wandb": {"runtime": 16}}