{"epoch": 2000, "train_loss": 110.07885313034058, "validation_MSE": 5.196687507629394, "_timestamp": 1745415508.598204, "_runtime": 19.964488983154297, "_step": 0, "_wandb": {"runtime": 20}}