{"epoch": 2000, "train_loss": 30.189338207244873, "validation_MSE": 5.123349507649739, "_timestamp": 1746011480.2752328, "_runtime": 16.62147068977356, "_step": 0, "_wandb": {"runtime": 17}}