{"epoch": 1000, "train_loss": 112.70391774177551, "validation_MSE": 4.756011486053467, "_timestamp": 1745415951.4987435, "_runtime": 14.760445594787598, "_step": 0, "_wandb": {"runtime": 15}}