{"epoch": 2000, "train_loss": 0.851074043661356, "validation_MSE": 0.03846625480800867, "_timestamp": 1746010654.0739505, "_runtime": 25.749521493911743, "_step": 0, "_wandb": {"runtime": 26}}