{"epoch": 1000, "train_loss": 110.3596134185791, "validation_MSE": 16.85001532236735, "_timestamp": 1746009261.2667916, "_runtime": 4.830813646316528, "_step": 0, "_wandb": {"runtime": 5}}