{"epoch": 1000, "train_loss": 1.6647177934646606, "validation_MSE": 0.298334002494812, "_timestamp": 1746011381.0235984, "_runtime": 11.823837518692017, "_step": 0, "_wandb": {"runtime": 11}}