{"epoch": 1000, "train_loss": 30.264662742614746, "validation_MSE": 5.134324391682942, "_timestamp": 1746009621.8884847, "_runtime": 4.591779708862305, "_step": 0, "_wandb": {"runtime": 4}}