{"epoch": 2000, "train_loss": 1.8916922360658646, "validation_MSE": 0.33263422052065533, "_timestamp": 1746008586.8111708, "_runtime": 7.946744918823242, "_step": 0, "_wandb": {"runtime": 8}}