{"epoch": 1000, "train_loss": 18.469446182250977, "validation_MSE": 17.153615856170653, "_timestamp": 1746007629.7868896, "_runtime": 12.741190671920776, "_step": 999, "_wandb": {"runtime": 13}}