{"epoch": 2000, "train_loss": 110.07342171669006, "validation_MSE": 5.196443939208985, "_timestamp": 1746009700.8101711, "_runtime": 15.534747123718262, "_step": 0, "_wandb": {"runtime": 15}}