{"epoch": 2000, "train_loss": 112.53594040870667, "validation_MSE": 4.756011486053467, "_timestamp": 1745416047.060558, "_runtime": 25.345802068710327, "_step": 0, "_wandb": {"runtime": 25}}