{"epoch": 1000, "train_loss": 0.8233367335051298, "validation_MSE": 0.03572178333997726, "_timestamp": 1746009583.2978334, "_runtime": 7.852824449539185, "_step": 0, "_wandb": {"runtime": 8}}