{"epoch": 2000, "train_loss": 2366.950241088867, "validation_MSE": 103.67141189575196, "_timestamp": 1746007937.0836163, "_runtime": 26.684767246246338, "_step": 0, "_wandb": {"runtime": 26}}