{"epoch": 2000, "train_loss": 0.24418959161266685, "validation_MSE": 0.010676154121756553, "_timestamp": 1745418031.7581, "_runtime": 24.54197907447815, "_step": 0, "_wandb": {"runtime": 24}}