{"epoch": 1000, "train_loss": 5.3917888924479485, "validation_MSE": 0.25143291503190995, "_timestamp": 1745417136.2527537, "_runtime": 15.185646772384644, "_step": 0, "_wandb": {"runtime": 14}}