{"epoch": 1500, "train_loss": 1.6876803636550903, "validation_MSE": 1.8569533348083496, "_timestamp": 1745416793.4994326, "_runtime": 19.42643165588379, "_step": 1499, "_wandb": {"runtime": 19}}