{"epoch": 2000, "train_loss": 1.1701200008392334, "validation_MSE": 1.2019846836725872, "_timestamp": 1746011353.849234, "_runtime": 36.697530031204224, "_step": 1999, "_wandb": {"runtime": 36}}