{"epoch": 1500, "train_loss": 0.2443441106006503, "validation_MSE": 0.00844442080706358, "_timestamp": 1745414886.3639615, "_runtime": 10.669099569320679, "_step": 0, "_wandb": {"runtime": 10}}