{"epoch": 1500, "train_loss": 1.1703550815582275, "validation_MSE": 1.179258906841278, "_timestamp": 1745416529.1969552, "_runtime": 43.95047211647034, "_step": 1499, "_wandb": {"runtime": 44}}