{"epoch": 1000, "train_loss": 5.010733127593994, "validation_MSE": 4.9551835536956785, "_timestamp": 1746008986.6385412, "_runtime": 7.155996322631836, "_step": 999, "_wandb": {"runtime": 6}}