{"epoch": 2000, "train_loss": 1381.6948356628418, "validation_MSE": 62.43553237915039, "_timestamp": 1745415573.8243902, "_runtime": 21.06351613998413, "_step": 0, "_wandb": {"runtime": 21}}