{"epoch": 1000, "train_loss": 2374.7050285339355, "validation_MSE": 103.79004364013672, "_timestamp": 1746007294.619384, "_runtime": 13.493252038955688, "_step": 0, "_wandb": {"runtime": 13}}