{"epoch": 2000, "train_loss": 407.1278729438782, "validation_MSE": 17.135241889953612, "_timestamp": 1746008062.4345376, "_runtime": 26.08981966972351, "_step": 0, "_wandb": {"runtime": 26}}