{"_step":2,"epoch":3,"train_loss":60.115867137908936,"val_loss":24.79812526702881,"_timestamp":1.7417823949884048e+09,"_wandb":{"runtime":5},"_runtime":5.6131837650000005}