{"epoch": 2000, "train_loss": 108.74216532707214, "validation_MSE": 5.131204533576965, "_timestamp": 1745415313.5247662, "_runtime": 14.884373188018799, "_step": 0, "_wandb": {"runtime": 14}}