{"epoch": 2000, "train_loss": 17.635269165039062, "validation_MSE": 19.802317142486572, "_timestamp": 1745417361.280055, "_runtime": 19.61302614212036, "_step": 1999, "_wandb": {"runtime": 19}}