{"epoch": 1000, "train_loss": 0.8065508008003235, "validation_MSE": 0.03942610770463943, "_timestamp": 1745418254.10263, "_runtime": 13.237504959106445, "_step": 0, "_wandb": {"runtime": 13}}