{"epoch": 1500, "train_loss": 108.38133549690247, "validation_MSE": 5.131508922576904, "_timestamp": 1745415259.7961173, "_runtime": 8.442569255828857, "_step": 0, "_wandb": {"runtime": 8}}