{"epoch": 1000, "train_loss": 0.7767814174294472, "validation_MSE": 0.03843462206423283, "_timestamp": 1745416330.4195707, "_runtime": 12.592774629592896, "_step": 0, "_wandb": {"runtime": 12}}