{"epoch": 1000, "train_loss": 405.97423458099365, "validation_MSE": 17.150718116760252, "_timestamp": 1746007379.3788242, "_runtime": 14.607219219207764, "_step": 0, "_wandb": {"runtime": 14}}