{"epoch": 1000, "train_loss": 3.438151851296425, "validation_MSE": 0.28413610756397245, "_timestamp": 1746011406.8086298, "_runtime": 10.936448812484741, "_step": 0, "_wandb": {"runtime": 11}}