{"epoch": 1500, "train_loss": 6.637925744056702, "validation_MSE": 0.32032249867916107, "_timestamp": 1745417174.6316187, "_runtime": 20.754913806915283, "_step": 0, "_wandb": {"runtime": 20}}