{"epoch": 3, "train_loss": 116.94081997871399, "validation_MSE": 0.0, "_timestamp": 1745406950.303922, "_runtime": 7.1171979904174805, "_step": 2, "_wandb": {"runtime": 7}}