{"epoch": 2000, "train_loss": 0.23998500406742096, "validation_MSE": 0.24909921251237394, "_timestamp": 1746008731.198817, "_runtime": 18.482304096221924, "_step": 1999, "_wandb": {"runtime": 18}}