{"epoch": 2000, "train_loss": 110.07342171669006, "validation_MSE": 5.196443939208985, "_timestamp": 1746011074.4983225, "_runtime": 26.435797452926636, "_step": 0, "_wandb": {"runtime": 26}}