{"epoch": 1000, "train_loss": 1.1318250894546509, "validation_MSE": 0.10536214113235473, "_timestamp": 1746010175.938656, "_runtime": 10.81839919090271, "_step": 0, "_wandb": {"runtime": 10}}