{"epoch": 2000, "train_loss": 1.0609822273254395, "validation_MSE": 1.1854489266872406, "_timestamp": 1745418338.7620587, "_runtime": 18.51719880104065, "_step": 1999, "_wandb": {"runtime": 18}}