{"epoch": 1500, "train_loss": 0.21597739728167653, "validation_MSE": 0.010439020395278931, "_timestamp": 1745414861.3800855, "_runtime": 8.939491510391235, "_step": 0, "_wandb": {"runtime": 8}}