{"epoch": 5, "train_loss": 1505.198715209961, "validation_MSE": 0.0, "_timestamp": 1745406929.3979406, "_runtime": 7.417270660400391, "_step": 4, "_wandb": {"runtime": 7}}