{"epoch": 2000, "train_loss": 0.8062843512743711, "validation_MSE": 0.03629873916506767, "_timestamp": 1745414984.031112, "_runtime": 12.561094999313354, "_step": 0, "_wandb": {"runtime": 12}}