{"epoch": 2000, "train_loss": 6.869522646069527, "validation_MSE": 0.2945837989449501, "_timestamp": 1746008902.763025, "_runtime": 12.295958995819092, "_step": 0, "_wandb": {"runtime": 12}}