{"epoch": 1000, "train_loss": 0.22010764852166176, "validation_MSE": 0.03464247969289621, "_timestamp": 1746008771.9179888, "_runtime": 5.6309568881988525, "_step": 0, "_wandb": {"runtime": 5}}