{"epoch": 1000, "train_loss": 0.06541950535029173, "validation_MSE": 0.010206405694286028, "_timestamp": 1746011099.269972, "_runtime": 9.090742111206055, "_step": 0, "_wandb": {"runtime": 9}}