{"epoch": 1000, "train_loss": 6.983122706413269, "validation_MSE": 0.30504596382379534, "_timestamp": 1745415357.94497, "_runtime": 6.269228935241699, "_step": 0, "_wandb": {"runtime": 6}}