{"epoch": 2000, "train_loss": 1.6603845357894897, "validation_MSE": 0.2782327135403951, "_timestamp": 1746009671.5564523, "_runtime": 7.169116258621216, "_step": 0, "_wandb": {"runtime": 6}}