{"epoch": 1500, "train_loss": 112.60335421562195, "validation_MSE": 4.756340575218201, "_timestamp": 1745415833.5665061, "_runtime": 16.849091053009033, "_step": 0, "_wandb": {"runtime": 16}}