{"epoch": 1000, "train_loss": 2359.3191986083984, "val_loss": 111.6838939666748, "_timestamp": 1745413035.9822075, "_runtime": 83.02169561386108, "_step": 0, "_wandb": {"runtime": 82}}