{"epoch": 1500, "train_loss": 2.2127995528280735, "validation_MSE": 0.10842654705047608, "_timestamp": 1745414108.2952533, "_runtime": 67.25832438468933, "_step": 0, "_wandb": {"runtime": 67}}