{"epoch": 2000, "train_loss": 24.461954414844513, "validation_MSE": 1.2624577224254607, "_timestamp": 1745415896.3212092, "_runtime": 22.83751130104065, "_step": 0, "_wandb": {"runtime": 23}}