{"epoch": 2000, "train_loss": 1.7371567487716675, "validation_MSE": 1.762719750404358, "_timestamp": 1746009763.0439765, "_runtime": 9.471210479736328, "_step": 1999, "_wandb": {"runtime": 9}}