{"epoch": 1000, "train_loss": 23.434419810771942, "validation_MSE": 1.1989009976387024, "_timestamp": 1745415067.6508427, "_runtime": 6.66600775718689, "_step": 0, "_wandb": {"runtime": 6}}