{"epoch": 1000, "train_loss": 377.4040069580078, "validation_MSE": 66.28910319010417, "_timestamp": 1746010907.0667815, "_runtime": 11.211591482162476, "_step": 0, "_wandb": {"runtime": 11}}