{"epoch": 2000, "train_loss": 375.2717819213867, "validation_MSE": 66.28898366292317, "_timestamp": 1746010277.5167263, "_runtime": 17.545168161392212, "_step": 0, "_wandb": {"runtime": 17}}