{"epoch": 1000, "train_loss": 1.064746618270874, "validation_MSE": 1.1986190557479859, "_timestamp": 1746009175.0425692, "_runtime": 7.358927249908447, "_step": 999, "_wandb": {"runtime": 7}}