{"epoch": 2000, "train_loss": 2366.9758071899414, "validation_MSE": 103.67886886596679, "_timestamp": 1746007669.473509, "_runtime": 26.431506156921387, "_step": 0, "_wandb": {"runtime": 26}}