{"epoch": 2000, "train_loss": 0.2344139707274735, "validation_MSE": 0.011244539730250835, "_timestamp": 1745415241.4029543, "_runtime": 11.24361538887024, "_step": 0, "_wandb": {"runtime": 11}}