{"epoch": 2000, "train_loss": 6.868457034230232, "validation_MSE": 0.2946291506290436, "_timestamp": 1746010481.9773972, "_runtime": 21.519139289855957, "_step": 0, "_wandb": {"runtime": 21}}