{"epoch": 1000, "train_loss": 0.009747552685439587, "validation_MSE": 0.009928636563320955, "_timestamp": 1746010514.3484218, "_runtime": 17.135979890823364, "_step": 999, "_wandb": {"runtime": 17}}