{"epoch": 2000, "train_loss": 406.11939001083374, "validation_MSE": 17.15307025909424, "_timestamp": 1746007854.0911398, "_runtime": 22.27539086341858, "_step": 0, "_wandb": {"runtime": 22}}