{"epoch": 1500, "train_loss": 0.010936718434095383, "validation_MSE": 0.010503667080774904, "_timestamp": 1745416173.0671277, "_runtime": 14.688011646270752, "_step": 1499, "_wandb": {"runtime": 14}}