{"epoch": 1000, "train_loss": 1385.5159454345703, "validation_MSE": 61.094400024414064, "_timestamp": 1745415474.6182868, "_runtime": 12.764627933502197, "_step": 0, "_wandb": {"runtime": 12}}