{"epoch": 1000, "train_loss": 2372.538864135742, "validation_MSE": 103.67271423339844, "_timestamp": 1746007474.781312, "_runtime": 15.96494197845459, "_step": 0, "_wandb": {"runtime": 15}}