{"epoch": 2000, "train_loss": 2.2610300481319427, "validation_MSE": 0.10251000337302685, "_timestamp": 1746010791.0723832, "_runtime": 26.66472315788269, "_step": 0, "_wandb": {"runtime": 27}}