{"epoch": 1500, "train_loss": 25.584799647331238, "validation_MSE": 1.309724849462509, "_timestamp": 1745415861.6471117, "_runtime": 13.993781566619873, "_step": 0, "_wandb": {"runtime": 14}}