{"epoch": 2000, "train_loss": 411.3177537918091, "validation_MSE": 17.18541669845581, "_timestamp": 1746008099.9815202, "_runtime": 22.060009241104126, "_step": 0, "_wandb": {"runtime": 21}}