{"epoch": 2000, "train_loss": 107.71670150756836, "validation_MSE": 16.84804058074951, "_timestamp": 1746010418.4831872, "_runtime": 15.304539203643799, "_step": 0, "_wandb": {"runtime": 15}}