{"epoch": 2000, "train_loss": 0.009803744032979012, "validation_MSE": 0.010430139536038042, "_timestamp": 1745415007.795379, "_runtime": 10.380115985870361, "_step": 1999, "_wandb": {"runtime": 10}}