{"epoch": 1000, "train_loss": 112.70391774177551, "validation_MSE": 4.756011486053467, "_timestamp": 1745417277.6933491, "_runtime": 16.988823175430298, "_step": 0, "_wandb": {"runtime": 17}}