{"epoch": 2000, "train_loss": 0.22540205949917436, "validation_MSE": 0.010448493529111147, "_timestamp": 1745416424.7063875, "_runtime": 23.01496648788452, "_step": 0, "_wandb": {"runtime": 22}}