{"epoch": 2000, "train_loss": 1.170118808746338, "validation_MSE": 1.137969970703125, "_timestamp": 1746011270.1803174, "_runtime": 37.12298536300659, "_step": 1999, "_wandb": {"runtime": 37}}