{"epoch": 2000, "train_loss": 4.332048058509827, "validation_MSE": 0.7438144683837891, "_timestamp": 1746009561.8445506, "_runtime": 7.188142538070679, "_step": 0, "_wandb": {"runtime": 7}}