{"epoch": 2000, "train_loss": 406.8087034225464, "validation_MSE": 17.139441108703615, "_timestamp": 1745416878.304369, "_runtime": 26.226754903793335, "_step": 0, "_wandb": {"runtime": 26}}