{"epoch": 1000, "train_loss": 2.6527465730905533, "validation_MSE": 0.26517019867897035, "_timestamp": 1746010714.4143376, "_runtime": 12.61320972442627, "_step": 0, "_wandb": {"runtime": 12}}