{"epoch": 2000, "train_loss": 18.469446182250977, "validation_MSE": 17.153615856170653, "_timestamp": 1746008136.716368, "_runtime": 20.392662048339844, "_step": 1999, "_wandb": {"runtime": 20}}