{"epoch": 2000, "train_loss": 1.1315495371818542, "validation_MSE": 0.10534394681453704, "_timestamp": 1746009606.3441176, "_runtime": 9.83215069770813, "_step": 0, "_wandb": {"runtime": 10}}