{"epoch": 2000, "train_loss": 1.6968398094177246, "validation_MSE": 1.9307883501052856, "_timestamp": 1745415376.6551962, "_runtime": 9.261306285858154, "_step": 1999, "_wandb": {"runtime": 9}}