{"epoch": 1500, "train_loss": 22.79655236005783, "validation_MSE": 1.236911553144455, "_timestamp": 1745417756.0307715, "_runtime": 16.223430395126343, "_step": 0, "_wandb": {"runtime": 16}}