{"epoch": 1000, "train_loss": 5.010732173919678, "validation_MSE": 5.123348712921143, "_timestamp": 1746009782.9542024, "_runtime": 8.46839451789856, "_step": 999, "_wandb": {"runtime": 8}}