{"_runtime":4.512609535,"_wandb":{"runtime":5},"_step":2,"epoch":3,"train_loss":60.115867137908936,"val_loss":24.79812526702881,"_timestamp":1.741786609412969e+09}