{"epoch": 5, "train_loss": 97.90759062767029, "validation_MSE": 0.0, "_timestamp": 1745406816.1794233, "_runtime": 12.150405406951904, "_step": 4, "_wandb": {"runtime": 12}}