{"epoch": 2000, "train_loss": 22.846288084983826, "validation_MSE": 1.234757924079895, "_timestamp": 1745417723.0281935, "_runtime": 19.805365562438965, "_step": 0, "_wandb": {"runtime": 19}}