{"val_loss":19.301369190216064,"_timestamp":1.741782854067492e+09,"_runtime":12.872414223,"_step":149,"_wandb":{"runtime":12},"epoch":150,"train_loss":47.24149560928345}