{"epoch": 1000, "train_loss": 408.91298961639404, "validation_MSE": 17.211157703399657, "_timestamp": 1746009451.4939823, "_runtime": 6.827561378479004, "_step": 0, "_wandb": {"runtime": 7}}