{"epoch": 1000, "train_loss": 0.24062345502898097, "validation_MSE": 0.010498399520292878, "_timestamp": 1746010876.5912309, "_runtime": 13.186615943908691, "_step": 0, "_wandb": {"runtime": 13}}