{"epoch": 1500, "train_loss": 6.606147885322571, "validation_MSE": 0.3275281757116318, "_timestamp": 1745417321.621044, "_runtime": 22.828191995620728, "_step": 0, "_wandb": {"runtime": 23}}