{"epoch": 2000, "train_loss": 18.469444274902344, "validation_MSE": 17.153657150268554, "_timestamp": 1746011633.4387105, "_runtime": 23.087608337402344, "_step": 1999, "_wandb": {"runtime": 23}}