{"epoch": 1500, "train_loss": 0.009803732857108116, "validation_MSE": 0.010429634619504214, "_timestamp": 1745414957.468891, "_runtime": 7.4706079959869385, "_step": 1499, "_wandb": {"runtime": 7}}