{"epoch": 2000, "train_loss": 23.470165252685547, "validation_MSE": 1.1949781060218811, "_timestamp": 1745418178.8261313, "_runtime": 23.035534381866455, "_step": 0, "_wandb": {"runtime": 22}}