{"epoch": 1000, "train_loss": 5.010745525360107, "validation_MSE": 5.196454238891602, "_timestamp": 1746010246.6377826, "_runtime": 23.8843195438385, "_step": 999, "_wandb": {"runtime": 24}}