{"epoch": 2000, "train_loss": 0.2998768091201782, "validation_MSE": 0.3279357120394707, "_timestamp": 1745414805.2869027, "_runtime": 8.775182723999023, "_step": 1999, "_wandb": {"runtime": 9}}