{"epoch": 1000, "train_loss": 1.836169883608818, "validation_MSE": 0.280477911233902, "_timestamp": 1746009721.623071, "_runtime": 4.773615837097168, "_step": 0, "_wandb": {"runtime": 5}}