{"epoch": 2000, "train_loss": 0.010936730541288853, "validation_MSE": 0.010503466799855232, "_timestamp": 1746009285.0182705, "_runtime": 12.909170389175415, "_step": 1999, "_wandb": {"runtime": 12}}