{"epoch": 1000, "train_loss": 0.23917345702648163, "val_loss": 0.2502176329493523, "_timestamp": 1745413186.2084885, "_runtime": 131.45241951942444, "_step": 999, "_wandb": {"runtime": 131}}