{"epoch": 2000, "train_loss": 0.10216920077800751, "validation_MSE": 0.10765955597162247, "_timestamp": 1745415802.1692674, "_runtime": 191.2040524482727, "_step": 1999, "_wandb": {"runtime": 191}}