{"epoch": 1000, "train_loss": 6.646159917116165, "validation_MSE": 0.3284380495548248, "_timestamp": 1745415923.402683, "_runtime": 13.05533504486084, "_step": 0, "_wandb": {"runtime": 12}}