{"epoch": 2000, "train_loss": 1.871029406785965, "validation_MSE": 0.28040512402852374, "_timestamp": 1746011299.1583743, "_runtime": 13.936673402786255, "_step": 0, "_wandb": {"runtime": 14}}