{"epoch": 1000, "train_loss": 377.4153060913086, "validation_MSE": 66.29104105631511, "_timestamp": 1746009051.682846, "_runtime": 4.353548049926758, "_step": 0, "_wandb": {"runtime": 4}}