{"epoch": 2000, "train_loss": 5.010732173919678, "validation_MSE": 5.123348712921143, "_timestamp": 1746009118.3545709, "_runtime": 7.967041969299316, "_step": 1999, "_wandb": {"runtime": 8}}