{"epoch": 1500, "train_loss": 1383.796329498291, "validation_MSE": 61.093803787231444, "_timestamp": 1745415191.0361028, "_runtime": 8.332844734191895, "_step": 0, "_wandb": {"runtime": 8}}