{"_step":14,"epoch":15,"train_loss":57.65036487579346,"_wandb":{"runtime":6},"val_loss":23.65757989883423,"_timestamp":1.7417828048709269e+09,"_runtime":6.247368068}