{"epoch": 1000, "train_loss": 24.77409917116165, "validation_MSE": 1.2775660872459411, "_timestamp": 1745415167.5829537, "_runtime": 6.296128749847412, "_step": 0, "_wandb": {"runtime": 6}}