{"epoch": 1500, "train_loss": 2.2845684997737408, "validation_MSE": 0.11070242822170258, "_timestamp": 1745414782.8508835, "_runtime": 8.39007043838501, "_step": 0, "_wandb": {"runtime": 8}}