{"epoch": 2000, "train_loss": 110.07342171669006, "validation_MSE": 5.196443939208985, "_timestamp": 1745416301.1617966, "_runtime": 25.811039686203003, "_step": 0, "_wandb": {"runtime": 26}}