{"epoch": 2000, "train_loss": 0.2411376885138452, "validation_MSE": 0.010498812748119235, "_timestamp": 1745417107.404397, "_runtime": 23.120353937149048, "_step": 0, "_wandb": {"runtime": 22}}