{"epoch": 1000, "train_loss": 30.19636058807373, "validation_MSE": 5.123366832733154, "_timestamp": 1746009538.730141, "_runtime": 5.047654867172241, "_step": 0, "_wandb": {"runtime": 5}}