{"epoch": 1500, "train_loss": 0.010668568313121796, "validation_MSE": 0.011244843620806933, "_timestamp": 1745416587.4155862, "_runtime": 12.671223163604736, "_step": 1499, "_wandb": {"runtime": 12}}