{"epoch": 2000, "train_loss": 405.6307907104492, "validation_MSE": 17.15246295928955, "_timestamp": 1746007815.1195595, "_runtime": 25.567588567733765, "_step": 0, "_wandb": {"runtime": 25}}