{"epoch": 1000, "train_loss": 1380.3898124694824, "validation_MSE": 62.43525009155273, "_timestamp": 1745417892.22724, "_runtime": 14.49540114402771, "_step": 0, "_wandb": {"runtime": 14}}