{"epoch": 2000, "train_loss": 2366.9485931396484, "validation_MSE": 103.67314071655274, "_timestamp": 1746010352.3825378, "_runtime": 28.371741771697998, "_step": 0, "_wandb": {"runtime": 28}}