{"epoch": 2000, "train_loss": 0.21621432108804584, "validation_MSE": 0.01043486138805747, "_timestamp": 1745417934.09373, "_runtime": 23.339070081710815, "_step": 0, "_wandb": {"runtime": 23}}