{"epoch": 2000, "train_loss": 110.08705830574036, "validation_MSE": 5.197051668167115, "_timestamp": 1746008697.951207, "_runtime": 11.300271987915039, "_step": 0, "_wandb": {"runtime": 11}}