{"epoch": 2000, "train_loss": 5.010732173919678, "validation_MSE": 4.9551831722259525, "_timestamp": 1746010151.2200053, "_runtime": 31.1128933429718, "_step": 1999, "_wandb": {"runtime": 31}}