{"epoch": 2000, "train_loss": 6.867748573422432, "validation_MSE": 0.2946566268801689, "_timestamp": 1746009011.9263399, "_runtime": 11.526620864868164, "_step": 0, "_wandb": {"runtime": 11}}