{"epoch": 2000, "train_loss": 0.23463148064911366, "validation_MSE": 0.01124429814517498, "_timestamp": 1745416468.4286895, "_runtime": 24.393349409103394, "_step": 0, "_wandb": {"runtime": 24}}