{"epoch": 1500, "train_loss": 0.23941758600994945, "validation_MSE": 0.010852084448561072, "_timestamp": 1745416722.1114728, "_runtime": 16.639211893081665, "_step": 0, "_wandb": {"runtime": 16}}