{"epoch": 1000, "train_loss": 24.417276620864868, "validation_MSE": 1.262187933921814, "_timestamp": 1745415982.0614421, "_runtime": 13.95724105834961, "_step": 0, "_wandb": {"runtime": 14}}