{"epoch": 2000, "train_loss": 23.347473204135895, "validation_MSE": 1.1860927224159241, "_timestamp": 1745415151.9437652, "_runtime": 11.945823192596436, "_step": 0, "_wandb": {"runtime": 11}}