{"epoch": 2000, "train_loss": 2358.93452835083, "validation_MSE": 111.66986885070801, "_timestamp": 1745415335.9270012, "_runtime": 10.746799230575562, "_step": 0, "_wandb": {"runtime": 10}}