{"epoch": 2000, "train_loss": 18.46944808959961, "validation_MSE": 17.153956985473634, "_timestamp": 1746007894.134094, "_runtime": 25.342806100845337, "_step": 1999, "_wandb": {"runtime": 25}}