{"epoch": 3, "train_loss": 730.0807456970215, "validation_MSE": 0.0, "_timestamp": 1745406996.8113837, "_runtime": 7.904199838638306, "_step": 2, "_wandb": {"runtime": 8}}