{"epoch": 1000, "train_loss": 26.374215483665466, "validation_MSE": 1.2111063301563263, "_timestamp": 1746008672.5810637, "_runtime": 6.960516691207886, "_step": 0, "_wandb": {"runtime": 7}}