{"epoch": 1500, "train_loss": 2.2752207443118095, "validation_MSE": 0.10415339842438698, "_timestamp": 1745416618.9884632, "_runtime": 17.737191200256348, "_step": 0, "_wandb": {"runtime": 17}}