{"epoch": 1000, "train_loss": 2.709905169904232, "validation_MSE": 0.12466637156903744, "_timestamp": 1746008966.0354748, "_runtime": 7.383392810821533, "_step": 0, "_wandb": {"runtime": 7}}