{"epoch": 2000, "train_loss": 1.7620766758918762, "validation_MSE": 0.31360013286272687, "_timestamp": 1746009138.4266148, "_runtime": 7.047226667404175, "_step": 0, "_wandb": {"runtime": 7}}