{"epoch": 1500, "train_loss": 0.23567896941676736, "validation_MSE": 0.01124658128246665, "_timestamp": 1745416386.3404062, "_runtime": 15.76801323890686, "_step": 0, "_wandb": {"runtime": 16}}