{"_timestamp":1.7417822854858475e+09,"_runtime":6.571721561,"_step":2,"_wandb":{"runtime":6},"epoch":3,"train_loss":60.115867137908936,"val_loss":24.79812526702881}