{"epoch": 2000, "train_loss": 108.19464874267578, "validation_MSE": 16.85178502400716, "_timestamp": 1746010447.3496435, "_runtime": 12.70506238937378, "_step": 0, "_wandb": {"runtime": 12}}