{"epoch": 2000, "train_loss": 2.274224132299423, "validation_MSE": 0.10430528372526168, "_timestamp": 1745417859.7473009, "_runtime": 18.251234769821167, "_step": 0, "_wandb": {"runtime": 18}}