{"epoch": 1000, "train_loss": 410.41732025146484, "validation_MSE": 17.2761438369751, "_timestamp": 1746007602.498409, "_runtime": 16.49455499649048, "_step": 0, "_wandb": {"runtime": 16}}