{"epoch": 2000, "train_loss": 0.8029742911458015, "validation_MSE": 0.04001556150615215, "_timestamp": 1745416919.457436, "_runtime": 25.501065969467163, "_step": 0, "_wandb": {"runtime": 25}}