{"epoch": 2000, "train_loss": 11.71009212732315, "validation_MSE": 1.172062301635742, "_timestamp": 1746009333.4233713, "_runtime": 8.251257419586182, "_step": 0, "_wandb": {"runtime": 8}}