{"epoch": 2000, "train_loss": 203.1371374130249, "validation_MSE": 16.99448165893555, "_timestamp": 1746010939.8437107, "_runtime": 17.20835256576538, "_step": 0, "_wandb": {"runtime": 17}}