{"epoch": 1000, "train_loss": 0.10966010903939605, "validation_MSE": 0.009995918907225131, "_timestamp": 1746009094.8378477, "_runtime": 5.736198663711548, "_step": 0, "_wandb": {"runtime": 6}}