{"epoch": 1000, "train_loss": 1.1318148374557495, "validation_MSE": 0.10539933294057846, "_timestamp": 1746009033.2027953, "_runtime": 6.520297288894653, "_step": 0, "_wandb": {"runtime": 6}}