{"epoch": 1000, "train_loss": 0.4081164486706257, "validation_MSE": 0.03564924411475658, "_timestamp": 1746009523.720108, "_runtime": 5.820263147354126, "_step": 0, "_wandb": {"runtime": 6}}