{"epoch": 2000, "train_loss": 0.10217065364122391, "validation_MSE": 0.10766701474785804, "_timestamp": 1745417068.3749595, "_runtime": 52.730743408203125, "_step": 1999, "_wandb": {"runtime": 52}}