{"epoch": 2000, "train_loss": 62.95993423461914, "validation_MSE": 66.28897476196289, "_timestamp": 1746011595.5321357, "_runtime": 32.37956166267395, "_step": 1999, "_wandb": {"runtime": 32}}