{"epoch": 1000, "train_loss": 406.3901014328003, "validation_MSE": 17.155379676818846, "_timestamp": 1746007409.9474123, "_runtime": 13.388303279876709, "_step": 0, "_wandb": {"runtime": 13}}