{"epoch": 1500, "train_loss": 1372.0816497802734, "val_loss": 63.5976203918457, "_timestamp": 1745412918.8056796, "_runtime": 132.22536063194275, "_step": 0, "_wandb": {"runtime": 132}}