{"epoch": 2000, "train_loss": 12.857091307640076, "validation_MSE": 1.1378692269325257, "_timestamp": 1746010577.8554158, "_runtime": 18.073256731033325, "_step": 0, "_wandb": {"runtime": 17}}