{"epoch": 1000, "train_loss": 3.4305061250925064, "validation_MSE": 0.2844309568405151, "_timestamp": 1746011731.024185, "_runtime": 11.174466848373413, "_step": 0, "_wandb": {"runtime": 11}}