{"epoch": 1000, "train_loss": 1385.6607856750488, "validation_MSE": 61.101222610473634, "_timestamp": 1746008196.037215, "_runtime": 12.626903057098389, "_step": 0}