{"epoch": 1000, "train_loss": 6.900129541754723, "validation_MSE": 0.29338367879390714, "_timestamp": 1746009803.5493374, "_runtime": 8.207248449325562, "_step": 0, "_wandb": {"runtime": 8}}