{"epoch": 1000, "train_loss": 110.44273829460144, "validation_MSE": 5.196443939208985, "_timestamp": 1746008877.4598992, "_runtime": 8.258713245391846, "_step": 0, "_wandb": {"runtime": 8}}