{"epoch": 2000, "train_loss": 22.887592375278473, "validation_MSE": 1.2346192300319672, "_timestamp": 1745418221.8812962, "_runtime": 23.74360704421997, "_step": 0, "_wandb": {"runtime": 23}}