{"epoch": 1000, "train_loss": 6.269542336463928, "validation_MSE": 1.1660227378209431, "_timestamp": 1746008922.6304011, "_runtime": 5.3218231201171875, "_step": 0, "_wandb": {"runtime": 4}}