{"epoch": 2000, "train_loss": 0.010896152816712856, "validation_MSE": 0.010853111557662488, "_timestamp": 1745417624.981426, "_runtime": 42.334486961364746, "_step": 1999, "_wandb": {"runtime": 42}}