{"epoch": 1000, "train_loss": 23.330747604370117, "validation_MSE": 1.1852850139141082, "_timestamp": 1745416141.337882, "_runtime": 14.578393936157227, "_step": 0, "_wandb": {"runtime": 14}}