{"epoch": 1500, "train_loss": 0.24488258501514792, "validation_MSE": 0.010518777929246426, "_timestamp": 1745414650.8627937, "_runtime": 10.797960758209229, "_step": 0, "_wandb": {"runtime": 10}}