{"epoch": 1000, "train_loss": 409.16014099121094, "validation_MSE": 17.22098388671875, "_timestamp": 1745415597.2556338, "_runtime": 12.943987846374512, "_step": 0, "_wandb": {"runtime": 12}}