{"epoch": 2000, "train_loss": 2367.0705032348633, "validation_MSE": 103.6876091003418, "_timestamp": 1746007972.9814353, "_runtime": 20.58919930458069, "_step": 0, "_wandb": {"runtime": 20}}