{"epoch": 2000, "train_loss": 2.6508602797985077, "validation_MSE": 0.2651871621608734, "_timestamp": 1746010688.1369815, "_runtime": 17.890464544296265, "_step": 0, "_wandb": {"runtime": 18}}