{"epoch": 2000, "train_loss": 1.1701077222824097, "validation_MSE": 1.1379178047180176, "_timestamp": 1746009076.2574492, "_runtime": 13.163703203201294, "_step": 1999, "_wandb": {"runtime": 13}}