{"epoch": 2000, "train_loss": 6.868892669677734, "validation_MSE": 0.29461116939783094, "_timestamp": 1746011668.2454507, "_runtime": 21.283227682113647, "_step": 0, "_wandb": {"runtime": 20}}