{"epoch": 3, "train_loss": 32.22033739089966, "validation_MSE": 0.0, "_timestamp": 1745406865.2125735, "_runtime": 8.561732530593872, "_step": 2, "_wandb": {"runtime": 8}}