{"epoch": 1000, "train_loss": 26.371907889842987, "validation_MSE": 1.2109793782234193, "_timestamp": 1746010204.927572, "_runtime": 13.933170080184937, "_step": 0, "_wandb": {"runtime": 14}}