{"epoch": 1000, "train_loss": 1380.401870727539, "validation_MSE": 62.43578872680664, "_timestamp": 1745416355.401827, "_runtime": 11.84420108795166, "_step": 0, "_wandb": {"runtime": 12}}