{"_wandb":{"runtime":6},"_timestamp":1.7417823523613448e+09,"_runtime":6.332216828,"_step":2,"epoch":3,"train_loss":60.115867137908936,"val_loss":24.79812526702881}