{"epoch": 1500, "train_loss": 1383.789924621582, "validation_MSE": 61.093518829345705, "_timestamp": 1745415109.1167626, "_runtime": 11.24431562423706, "_step": 0, "_wandb": {"runtime": 11}}