{"epoch": 2000, "train_loss": 2368.0434646606445, "validation_MSE": 103.74089660644532, "_timestamp": 1746007705.832961, "_runtime": 21.39492416381836, "_step": 0, "_wandb": {"runtime": 21}}