{"epoch": 2000, "train_loss": 2.2614186108112335, "validation_MSE": 0.10251203812658786, "_timestamp": 1746011520.375252, "_runtime": 24.98072099685669, "_step": 0, "_wandb": {"runtime": 24}}