{"epoch": 1000, "train_loss": 0.00980373565107584, "validation_MSE": 0.010429932223632931, "_timestamp": 1745415432.8081963, "_runtime": 13.410585403442383, "_step": 999, "_wandb": {"runtime": 16}}