{"epoch": 1000, "train_loss": 25.765611112117767, "validation_MSE": 1.1791844546794892, "_timestamp": 1746011190.1745834, "_runtime": 15.002746343612671, "_step": 0, "_wandb": {"runtime": 15}}