{"epoch": 1000, "train_loss": 1385.5154571533203, "validation_MSE": 61.09437980651855, "_timestamp": 1745417204.7544427, "_runtime": 13.36409878730774, "_step": 0, "_wandb": {"runtime": 13}}