{"epoch": 2000, "train_loss": 25.78751116991043, "validation_MSE": 1.1825956404209137, "_timestamp": 1746010384.6084785, "_runtime": 19.3706955909729, "_step": 0, "_wandb": {"runtime": 19}}