{"epoch": 2000, "train_loss": 1.1131097078323364, "validation_MSE": 1.2621431946754456, "_timestamp": 1745415216.8410053, "_runtime": 13.23662543296814, "_step": 1999, "_wandb": {"runtime": 13}}