{"epoch": 1000, "train_loss": 407.79407119750977, "validation_MSE": 17.14006576538086, "_timestamp": 1746007568.4517708, "_runtime": 14.85353684425354, "_step": 0, "_wandb": {"runtime": 15}}