{"epoch": 2000, "train_loss": 6.622784242033958, "validation_MSE": 0.3209632754325867, "_timestamp": 1745414198.431424, "_runtime": 74.82569193840027, "_step": 0, "_wandb": {"runtime": 74}}