{"epoch": 2000, "train_loss": 0.8014738988131285, "validation_MSE": 0.039975931867957115, "_timestamp": 1745418299.1829658, "_runtime": 26.65958285331726, "_step": 0, "_wandb": {"runtime": 27}}